site,adjacent
cinni,"['cinni', 'pomelo']"
fauux,"['fauux', 'blackwings', 'bedr00mz']"
districts,['districts']
sugarforbrains,"['sugarforbrains', 'raining-starss']"
melonking,"['melonking', 'dokodemo', 'y2k', 'rgbteahouse', 'warp-zone', 'bedr00mz']"
uncannyvalley,['uncannyvalley']
anlucas,"['anlucas', 'y2k']"
odditycommoddity,"['odditycommoddity', 'raining-starss']"
mebious,['mebious']
shishka,"['shishka', 'neoratz', 'blissnet', 'bedr00mz']"
dokodemo,"['melonking', 'dokodemo', 'y2k', 'moonview', 'rgbteahouse', 'rivendell']"
plasticdino,['plasticdino']
horrorgifs,['horrorgifs']
koinuko,[]
ranfren,['ranfren']
y2k,"['melonking', 'anlucas', 'dokodemo', 'y2k', 'moonview', 'neoratz', 'rgbteahouse', 'pomelo', 'roseknight']"
yesterweb,['yesterweb']
moonview,"['dokodemo', 'y2k', 'moonview']"
ita,['ita']
softheartclinic,"['softheartclinic', 'blissnet']"
dimden,['dimden']
nyaa,['nyaa']
ninacti0n,['ninacti0n']
whitedesert,['whitedesert']
substack,['substack']
neoratz,"['shishka', 'y2k', 'neoratz', 'rgbteahouse', 'raining-starss', 'blissnet', 'pomelo', 'danppun', 'roseknight', 'bedr00mz']"
suyu,[]
adilene,['adilene']
rgbteahouse,"['melonking', 'dokodemo', 'y2k', 'neoratz', 'rgbteahouse', 'pomelo', 'roseknight', 'bedr00mz', 'parkaction']"
cloverbell,"['cloverbell', 'aegi', 'angel99', 'nonkiru']"
lostlove,[]
nuange,[]
keysklubhouse,['keysklubhouse']
2bit,['2bit']
freakphone,[]
irony-machine,['irony-machine']
exosilver,['exosilver']
99gifshop,['99gifshop']
castlecyberskull,['castlecyberskull']
murid,[]
hotlinecafe,['hotlinecafe']
blinkies,['blinkies']
swirl,['swirl']
mrdoob,['mrdoob']
aegi,"['cloverbell', 'aegi', 'angel99', 'nonkiru', 'parkaction']"
dreamy,['dreamy']
allyratworld,['allyratworld']
blamensir,['blamensir']
lainzine,['lainzine']
bogleech,['bogleech']
raining-starss,"['sugarforbrains', 'odditycommoddity', 'neoratz', 'raining-starss', 'danppun', 'sugarangel']"
angel99,"['cloverbell', 'aegi', 'angel99', 'nonkiru']"
mani,['mani']
twelvemen,['twelvemen']
gifypet,['gifypet']
warp-zone,"['melonking', 'warp-zone']"
feelingmachine,['feelingmachine']
clubnintendoarchives,['clubnintendoarchives']
rarebit,['rarebit']
eggramen,['eggramen']
neonaut,['neonaut']
pleurodelinae,['pleurodelinae']
blissnet,"['shishka', 'softheartclinic', 'neoratz', 'blissnet', 'bedr00mz']"
whereareyou,[]
spyware,"['spyware', 'digdeeper']"
digdeeper,"['spyware', 'digdeeper']"
hillhouse,['hillhouse']
blackwings,"['fauux', 'blackwings']"
nonkiru,"['cloverbell', 'aegi', 'angel99', 'nonkiru']"
mooeena,['mooeena']
ribose,['ribose']
housefly,['housefly']
corru,['corru']
pomelo,"['cinni', 'y2k', 'neoratz', 'rgbteahouse', 'pomelo', 'roseknight']"
ne0nbandit,['ne0nbandit']
danppun,"['neoratz', 'raining-starss', 'danppun']"
momoirotrick,['momoirotrick']
melps,['melps']
cabbagesorter,['cabbagesorter']
korsse,['korsse']
town,[]
roseknight,"['y2k', 'neoratz', 'rgbteahouse', 'pomelo', 'roseknight']"
openbooks,[]
edz,"['edz', 'al1-ce']"
lostletters,['lostletters']
prismatictigers,['prismatictigers']
al1-ce,"['edz', 'al1-ce']"
sugarangel,"['raining-starss', 'sugarangel']"
dollzrevival,['dollzrevival']
incessantpain,['incessantpain']
graphic,['graphic']
pokemonboosterpack,['pokemonboosterpack']
teddybear-halo,['teddybear-halo']
girlandqueerbands,['girlandqueerbands']
dragonquest,[]
bedr00mz,"['fauux', 'melonking', 'shishka', 'neoratz', 'rgbteahouse', 'blissnet', 'bedr00mz']"
parkaction,"['rgbteahouse', 'aegi', 'parkaction']"
distantskies,['distantskies']
rivendell,"['dokodemo', 'rivendell']"
