tag,sites
pixels,"['cinni', '2bit', 'pomelo', 'lostletters', 'sugarangel']"
art,"['cinni', 'fauux', 'sugarforbrains', 'melonking', 'uncannyvalley', 'anlucas', 'odditycommoddity', 'shishka', 'plasticdino', 'y2k', 'softheartclinic', 'ninacti0n', 'neoratz', 'rgbteahouse', 'cloverbell', 'keysklubhouse', 'castlecyberskull', 'aegi', 'dreamy', 'allyratworld', 'blamensir', 'raining-starss', 'angel99', 'mani', 'warp-zone', 'feelingmachine', 'pleurodelinae', 'blissnet', 'blackwings', 'nonkiru', 'mooeena', 'ribose', 'housefly', 'corru', 'pomelo', 'ne0nbandit', 'danppun', 'momoirotrick', 'melps', 'korsse', 'roseknight', 'edz', 'al1-ce', 'bedr00mz', 'parkaction']"
personal,"['cinni', 'sugarforbrains', 'odditycommoddity', 'dokodemo', 'koinuko', 'y2k', 'moonview', 'dimden', 'nyaa', 'neoratz', 'adilene', 'rgbteahouse', 'cloverbell', 'lostlove', 'keysklubhouse', 'irony-machine', 'castlecyberskull', 'swirl', 'aegi', 'raining-starss', 'angel99', 'mani', 'feelingmachine', 'eggramen', 'hillhouse', 'nonkiru', 'ribose', 'pomelo', 'danppun', 'melps', 'korsse', 'roseknight', 'openbooks', 'lostletters', 'prismatictigers', 'al1-ce', 'sugarangel', 'incessantpain', 'teddybear-halo', 'parkaction', 'rivendell']"
anime,"['fauux', 'shishka', 'moonview', 'nyaa', 'neoratz', 'adilene', 'allyratworld', 'raining-starss', 'blissnet', 'danppun', 'cabbagesorter', 'prismatictigers', 'bedr00mz']"
music,"['fauux', 'melonking', 'dokodemo', 'ita', 'adilene', 'rgbteahouse', 'irony-machine', 'exosilver', 'hotlinecafe', 'dreamy', 'blackwings', 'corru', 'girlandqueerbands', 'bedr00mz', 'parkaction', 'rivendell']"
pixel,"['fauux', 'blinkies', 'graphic']"
lain,"['fauux', 'mebious', 'dimden', 'lainzine', 'blackwings']"
index,['districts']
neocities,"['districts', 'neonaut']"
directory,['districts']
rainbow,"['sugarforbrains', 'plasticdino', 'raining-starss', 'sugarangel']"
videogames,"['melonking', 'shishka', 'dokodemo', 'y2k', 'softheartclinic', 'neoratz', 'rgbteahouse', 'exosilver', 'hotlinecafe', 'clubnintendoarchives', 'blissnet', 'pomelo', 'cabbagesorter', 'roseknight', 'pokemonboosterpack', 'bedr00mz', 'distantskies']"
90s,"['melonking', 'anlucas', 'dokodemo', 'y2k', 'moonview', 'ita', '2bit', 'gifypet', 'warp-zone', 'dollzrevival', 'pokemonboosterpack']"
3d,"['melonking', 'substack', 'mrdoob', 'warp-zone']"
ocs,"['uncannyvalley', 'mani']"
alternative,"['uncannyvalley', 'ranfren']"
comics,"['uncannyvalley', 'ranfren', 'rarebit', 'pleurodelinae', 'korsse']"
games,"['uncannyvalley', 'whitedesert', 'dreamy', 'dragonquest']"
html,"['anlucas', 'rarebit']"
2000s,"['anlucas', 'dokodemo', 'y2k', 'moonview', 'dollzrevival', 'rivendell']"
fireplace,['anlucas']
groovy,['odditycommoddity']
kidcore,"['odditycommoddity', 'raining-starss', 'sugarangel']"
serial,['mebious']
experiments,['mebious']
mebious,['mebious']
hacking,['mebious']
blinkies,"['shishka', 'blinkies']"
graphics,"['shishka', 'plasticdino', 'keysklubhouse', 'blinkies', 'mooeena', 'prismatictigers']"
cute,"['plasticdino', 'softheartclinic', 'cloverbell', 'swirl', 'aegi', 'angel99', 'blissnet', 'nonkiru', 'momoirotrick']"
midis,['horrorgifs']
halloween,"['horrorgifs', 'bogleech', 'hillhouse']"
monsters,"['horrorgifs', 'bogleech']"
horror,"['horrorgifs', 'whitedesert', 'hillhouse']"
gifs,"['horrorgifs', 'blinkies']"
animation,['ranfren']
literature,['ranfren']
individual,['ranfren']
social,['yesterweb']
internet,"['yesterweb', 'substack', 'castlecyberskull', 'neonaut']"
webring,['yesterweb']
zine,"['yesterweb', 'lainzine']"
radio,['yesterweb']
blogging,['moonview']
lolitafashion,['ita']
fashion,"['ita', 'twelvemen', 'incessantpain']"
jfashion,['ita']
positive,['softheartclinic']
soft,['softheartclinic']
programming,"['dimden', 'edz', 'al1-ce']"
moon,['dimden']
blog,"['dimden', 'keysklubhouse', 'swirl', 'cabbagesorter']"
sanrio,"['nyaa', 'sugarangel']"
cries,['nyaa']
pink,"['nyaa', 'hillhouse']"
portfolio,"['ninacti0n', 'ne0nbandit']"
comic,['ninacti0n']
artist,['ninacti0n']
worldbuilding,"['ninacti0n', 'blamensir', 'pleurodelinae']"
args,['whitedesert']
websites,['whitedesert']
surreal,['whitedesert']
cyberspace,['substack']
computers,['substack']
webgl,"['substack', 'mrdoob']"
evangelion,['suyu']
vocaloid,['adilene']
french,['rgbteahouse']
diary,"['cloverbell', 'cabbagesorter', 'teddybear-halo']"
cozy,['cloverbell']
films,['lostlove']
lgbt,['keysklubhouse']
gameboy,['2bit']
retro,"['2bit', 'edz']"
pixelart,"['irony-machine', '99gifshop']"
pokemon,"['exosilver', 'bogleech', 'pokemonboosterpack']"
neopets,['exosilver']
aesthetic,"['exosilver', 'twelvemen', 'blissnet', 'melps']"
gif,"['99gifshop', 'edz']"
archive,['99gifshop']
popculture,['castlecyberskull']
design,"['castlecyberskull', 'twelvemen']"
html5,['hotlinecafe']
midi,['hotlinecafe']
gamedev,['hotlinecafe']
blinkie,['blinkies']
threejs,['mrdoob']
interactive,['aegi']
writing,"['aegi', 'neonaut', 'pleurodelinae', 'parkaction']"
webcomic,"['dreamy', 'rarebit']"
kawaii,"['allyratworld', 'momoirotrick']"
lolita,['allyratworld']
crafts,['blamensir']
medievalism,['blamensir']
cyberpunk,"['lainzine', 'blackwings', 'al1-ce']"
magazine,['lainzine']
foss,['lainzine']
creepypasta,['bogleech']
animals,['bogleech']
originalcharacters,['mani']
y2k,"['mani', 'dollzrevival']"
videos,['twelvemen']
photography,"['twelvemen', 'incessantpain']"
pets,['gifypet']
javascript,"['gifypet', 'rarebit']"
warpzone,['warp-zone']
vtuber,['warp-zone']
alterhuman,['feelingmachine']
fictosexual,['feelingmachine']
nintendo,"['clubnintendoarchives', 'pokemonboosterpack', 'distantskies']"
clubnintendo,['clubnintendoarchives']
mario,['clubnintendoarchives']
zelda,['clubnintendoarchives']
template,['rarebit']
fandom,['eggramen']
css,['eggramen']
homestuck,['eggramen']
conlangs,['eggramen']
cyber,['neonaut']
stories,['pleurodelinae']
secret,['whereareyou']
security,['spyware']
anonymity,['spyware']
privacy,"['spyware', 'digdeeper']"
technology,"['spyware', 'digdeeper']"
software,"['spyware', 'digdeeper']"
gaming,['digdeeper']
society,['digdeeper']
ghosts,['hillhouse']
philosophy,['blackwings']
digitalart,['nonkiru']
furry,"['nonkiru', 'mooeena', 'ne0nbandit']"
resources,['mooeena']
zines,['mooeena']
biology,['ribose']
science,['ribose']
poetry,['housefly']
mysterious,['housefly']
corru,['corru']
story,['corru']
illustration,"['pomelo', 'momoirotrick']"
vaporwave,"['ne0nbandit', 'edz', 'al1-ce']"
deltarune,['ne0nbandit']
webcore,['danppun']
fun,['danppun']
drawing,['momoirotrick']
books,['cabbagesorter']
mspaint,['korsse']
,['roseknight']
techonology,['openbooks']
stationery,['lostletters']
ttrpg,['lostletters']
tamagotchi,['lostletters']
layouts,['prismatictigers']
oldweb,['prismatictigers']
dolls,['dollzrevival']
dollz,['dollzrevival']
manga,['incessantpain']
diy,['incessantpain']
graphic,['graphic']
favicon,['graphic']
transparent,['graphic']
tcg,['pokemonboosterpack']
nostalgia,['teddybear-halo']
queer,['girlandqueerbands']
punk,['girlandqueerbands']
rpg,['dragonquest']
cartoons,['bedr00mz']
nes,['distantskies']
shrine,['distantskies']
crystalis,['distantskies']
tolkien,['rivendell']
conlang,['rivendell']
