sitename,views,hits,created_at,last_updated,tags
shawndaking0516,5333,5727,"Wed, 19 Oct 2016 15:56:39 -0000","Sat, 22 Oct 2016 03:45:00 -0000",['classwork']
iccore,1068,1422,"Tue, 07 Apr 2020 00:56:33 -0000","Sun, 16 May 2021 00:31:56 -0000","['videogames', 'programming', 'cheating']"
gavinl,3734,3833,"Mon, 10 Nov 2014 15:17:20 -0000","Wed, 12 Nov 2014 15:43:27 -0000",[]
debashisufo,2039,2467,"Sun, 21 Jun 2015 06:51:35 -0000","Sun, 21 Jun 2015 07:09:06 -0000",['blog']
petrok,818,1021,"Mon, 19 Dec 2022 09:43:47 -0000","Mon, 19 Dec 2022 09:51:38 -0000",[]
pouare,153,282,"Sun, 15 Oct 2023 00:11:58 -0000","Sun, 15 Oct 2023 01:04:45 -0000",[]
cato07,344,473,"Thu, 08 Feb 2024 00:44:38 -0000","Fri, 19 Apr 2024 05:29:28 -0000",['blog']
peoplearerad,3594,4982,"Sat, 10 Jan 2015 02:32:55 -0000","Wed, 01 Jul 2015 21:06:13 -0000",[]
spacelithe,554,1340,"Wed, 27 May 2020 20:06:23 -0000","Wed, 27 May 2020 20:25:42 -0000","['art', 'videogames', 'programming', 'music']"
pechi,2247,3091,"Thu, 04 Feb 2021 18:40:10 -0000","Fri, 20 Jan 2023 06:17:53 -0000",['weeb']
int3,6152,7855,"Sun, 27 Mar 2022 09:47:39 -0000","Wed, 24 Jan 2024 00:49:07 -0000",[]
thetoonherosassistant,4044,4158,"Sun, 28 Aug 2016 04:24:10 -0000","Sun, 28 Aug 2016 06:52:02 -0000",[]
faintvcr,204,210,"Sat, 28 May 2022 05:25:36 -0000","Sat, 28 May 2022 09:31:41 -0000","['cats', 'gyaru']"
relet,5422,5618,"Sat, 15 Jun 2013 23:27:36 -0000","Fri, 21 Jun 2013 02:56:13 -0000",[]
elbirtlesclarkeofficial,8184,14671,"Fri, 18 Nov 2022 10:21:16 -0000","Thu, 11 Apr 2024 14:22:13 -0000","['food', 'music', 'videogames', 'creative']"
valpico,474,599,"Fri, 03 Sep 2021 18:46:22 -0000","Thu, 16 Sep 2021 02:38:21 -0000",[]
rubendiaz,1214,1478,"Sat, 26 Mar 2016 19:36:51 -0000","Thu, 07 Apr 2016 09:02:30 -0000",[]
breakofdawn,7997,10262,"Mon, 13 Jun 2022 12:59:18 -0000","Mon, 22 Jan 2024 10:12:37 -0000","['art', 'webcomic']"
dzp,344,375,"Fri, 08 Jul 2022 13:21:05 -0000","Fri, 08 Jul 2022 13:26:56 -0000",['dzp']
weird-dream,129,161,"Fri, 25 Aug 2023 15:32:58 -0000","Mon, 28 Aug 2023 09:07:46 -0000","['art', 'videogames', 'science', 'anime', 'music']"
makemoneyptp,6672,9359,"Tue, 19 Jan 2016 13:08:48 -0000","Fri, 22 Jan 2016 09:54:08 -0000","['money', 'gagner', 'pub', 'ptp', 'argent']"
floor49,180,231,"Thu, 09 Mar 2023 20:43:24 -0000","Sat, 01 Apr 2023 22:28:41 -0000","['videogames', 'csgo', 'arma3', 'rust']"
peterosborne,458,715,"Fri, 02 Mar 2018 22:16:24 -0000","Sat, 03 Mar 2018 23:58:38 -0000",[]
sharkkey,4915,5097,"Sun, 14 Feb 2021 17:32:30 -0000","Mon, 21 Feb 2022 19:57:07 -0000",[]
groove,56125,177958,"Sat, 01 Aug 2020 12:22:09 -0000","Tue, 13 Feb 2024 02:34:11 -0000","['love', 'anime', 'egl', 'figures']"
tofuplusbeast,3265,4036,"Wed, 25 Dec 2019 05:26:00 -0000","Sun, 05 Feb 2023 21:52:43 -0000","['r18', 'art', 'doujinshi', 'comics', 'bl']"
planosdesaudebh,4079,5006,"Tue, 23 Jul 2019 01:13:46 -0000","Tue, 23 Jul 2019 01:14:35 -0000",['planosdesaude']
sinitalelaolympics,3995,4205,"Mon, 08 Aug 2016 01:53:53 -0000","Tue, 30 Aug 2016 22:28:55 -0000",[]
cosmicjunimo,196,254,"Tue, 28 Mar 2023 21:43:54 -0000","Thu, 15 Jun 2023 05:34:07 -0000","['art', 'arg', 'videogames', 'music', 'anime']"
secondd,2028,4462,"Tue, 27 Dec 2022 14:00:09 -0000","Wed, 27 Mar 2024 08:13:03 -0000",['programming']
rsahsdadsafi,4811,4842,"Thu, 11 Sep 2014 13:48:57 -0000","Thu, 11 Sep 2014 13:53:47 -0000",[]
picturevoting2024,12539,12775,"Mon, 25 Feb 2019 18:41:03 -0000","Thu, 11 Apr 2024 06:23:19 -0000",['art']
kerokero,4373,8063,"Sun, 26 Jun 2022 15:55:04 -0000","Wed, 06 Jul 2022 02:46:29 -0000",[]
foosybit,6014,10514,"Sun, 09 Jul 2023 17:50:56 -0000","Wed, 03 Apr 2024 23:02:17 -0000",[]
erythian,5127,6374,"Fri, 01 Apr 2016 03:29:14 -0000","Mon, 13 Mar 2017 03:58:28 -0000","['videogames', 'fireemblem', 'anime', 'art']"
carlos-esteban-mod2,2563,2643,"Mon, 28 Mar 2016 19:38:28 -0000","Mon, 28 Mar 2016 20:49:58 -0000",['programming']
papercut,155,176,"Wed, 26 Oct 2022 15:59:24 -0000","Wed, 26 Oct 2022 16:07:04 -0000",[]
hisokamorow,54883,244474,"Wed, 23 May 2018 02:36:53 -0000","Sun, 25 Jun 2023 00:05:44 -0000","['hisoka', 'hxh', 'collection']"
nagi96,1287,2018,"Mon, 17 Sep 2018 15:37:20 -0000","Mon, 11 Mar 2019 22:47:42 -0000","['videogame', 'history', 'reading', 'anime']"
door88,602,635,"Wed, 14 Sep 2022 23:46:53 -0000","Wed, 17 Jan 2024 11:58:28 -0000","['personal', 'personalwebsite', 'websites', 'links']"
stylishjewelleryinfo,4797,4904,"Tue, 10 Mar 2015 07:00:52 -0000","Thu, 19 Mar 2015 06:30:39 -0000",[]
theriseofthestrikingrebels,4534,4699,"Fri, 11 Mar 2016 14:10:47 -0000","Fri, 11 Mar 2016 14:12:44 -0000",['worldoftanks']
claudiavivi,5351,5579,"Mon, 23 Feb 2015 19:43:36 -0000",,[]
momentplanner,398,617,"Sun, 03 Mar 2019 19:33:26 -0000","Wed, 10 Aug 2022 12:29:05 -0000",[]
sirius1212,1224,1260,"Sat, 29 Jun 2013 23:27:29 -0000","Wed, 27 Nov 2013 16:09:02 -0000",[]
orlandoflores347,1105,1329,"Tue, 21 Jun 2022 04:58:56 -0000","Wed, 29 Jun 2022 00:30:42 -0000",['art']
xrp,670,1447,"Wed, 27 Sep 2023 18:42:57 -0000","Wed, 22 Nov 2023 21:42:52 -0000",[]
subdomainzonelet,1250,1432,"Tue, 24 Nov 2020 17:30:17 -0000","Tue, 24 Nov 2020 17:32:04 -0000",[]
mabis,60655,145519,"Wed, 28 Sep 2016 20:16:44 -0000","Wed, 11 Sep 2019 16:55:47 -0000","['fertility', 'thermometer', 'temping', 'conceiving', 'ttc']"
spx19341,20609,24337,"Tue, 09 Aug 2016 18:25:08 -0000","Mon, 02 Jan 2017 06:14:51 -0000",[]
simonemariacsi,312,346,"Wed, 21 Sep 2022 22:28:57 -0000","Mon, 14 Nov 2022 17:06:49 -0000",['music']
sittymay,10622,17006,"Fri, 24 Jun 2016 07:41:40 -0000","Wed, 19 Apr 2017 10:40:11 -0000","['transhumanism', 'commusnism', 'techcommunism', 'science', 'future']"
kgebski,2299,2905,"Thu, 15 Dec 2022 16:55:00 -0000","Thu, 15 Dec 2022 16:59:36 -0000",[]
bardsworld,11101,31125,"Tue, 16 Jan 2024 19:04:05 -0000","Sun, 07 Apr 2024 01:11:42 -0000",[]
bingoccolon,13328,17253,"Thu, 26 May 2022 10:10:10 -0000","Wed, 23 Nov 2022 00:31:45 -0000",[]
angelfieldproject,130,135,"Mon, 04 Mar 2024 15:30:50 -0000","Thu, 07 Mar 2024 15:38:07 -0000",[]
anoodles,2315,2972,"Sat, 20 Apr 2019 05:40:08 -0000","Tue, 16 Jul 2019 10:37:17 -0000","['reviews', 'autism', 'music', 'doujin']"
wedoanymore,113,144,"Tue, 14 Mar 2023 09:44:25 -0000","Tue, 14 Mar 2023 09:48:31 -0000",['removals']
cheungcs,1063,1528,"Thu, 11 May 2023 03:00:52 -0000","Mon, 01 Jan 2024 16:39:10 -0000",[]
birdyaviary,287,1063,"Tue, 26 Apr 2022 03:08:03 -0000","Sat, 08 Jul 2023 22:26:14 -0000","['art', 'personal', 'portfolio']"
asyoureup,1062,1502,"Thu, 25 Jan 2024 07:06:56 -0000","Thu, 25 Jan 2024 07:19:12 -0000","['comics', 'art']"
nataliagruber,1285,1405,"Wed, 28 Jun 2017 01:10:17 -0000","Sat, 17 Oct 2020 21:30:08 -0000",['personal']
albertoski,3040,4172,"Mon, 27 Feb 2017 11:53:25 -0000","Tue, 28 Mar 2017 13:44:09 -0000","['develop', 'creator', 'miriadax', 'css', 'html']"
rosie-forsythe,1238,1267,"Thu, 30 May 2019 06:56:59 -0000","Wed, 19 Jun 2019 07:40:44 -0000",[]
eta-mu-beta,253,325,"Mon, 10 Jul 2023 16:48:07 -0000","Mon, 10 Jul 2023 22:25:57 -0000",[]
exness,195,211,"Sat, 16 Jul 2022 23:09:00 -0000","Sat, 16 Jul 2022 23:17:29 -0000","['mobilemoney', 'bitcoin']"
myrskyhakala,392,517,"Sun, 23 Apr 2023 13:47:05 -0000","Tue, 09 Apr 2024 08:37:02 -0000",[]
themoroccanboi,763,871,"Fri, 20 Apr 2018 08:03:38 -0000","Fri, 20 Apr 2018 08:20:59 -0000","['travel', 'food', 'politics']"
ignaciomarquezramirez,5599,8961,"Wed, 11 Dec 2019 11:34:19 -0000","Wed, 11 Dec 2019 11:36:09 -0000",['series']
estefa-d-h1563,205,231,"Fri, 12 May 2023 04:37:45 -0000","Fri, 12 May 2023 04:40:54 -0000",[]
placesofche,3188,3518,"Wed, 08 May 2019 07:16:10 -0000","Wed, 08 May 2019 07:33:59 -0000",['history']
vickytaylor,1776,2659,"Tue, 29 Mar 2022 08:15:23 -0000","Sun, 05 Jun 2022 23:42:42 -0000","['website', 'programming', 'design']"
checkjambutmeresult,1350,1377,"Fri, 13 Mar 2020 21:53:32 -0000","Fri, 13 Mar 2020 21:57:06 -0000",[]
turbocontenttoolkit,32872,80028,"Sat, 26 Aug 2017 15:23:31 -0000","Wed, 13 Apr 2022 14:28:39 -0000","['turbocontenttoolkit', 'contentcreation', 'authorship', 'copywriting', 'writing']"
vsuprun-portfolio,1164,1548,"Sun, 05 Mar 2023 22:45:22 -0000","Thu, 30 Mar 2023 01:24:54 -0000",[]
dtesting,2164,2177,"Tue, 24 Feb 2015 14:39:34 -0000","Tue, 24 Feb 2015 14:46:39 -0000",[]
yoursf,1097,1413,"Sun, 22 Sep 2019 07:54:40 -0000","Sun, 17 Nov 2019 08:53:32 -0000",[]
starbuckss,375,471,"Thu, 04 Aug 2022 04:08:01 -0000","Thu, 04 Aug 2022 04:13:50 -0000",['business']
weesnaw,1721,1982,"Wed, 10 Jun 2020 17:55:37 -0000","Sun, 03 Dec 2023 17:26:08 -0000",[]
dinonuggs,148,156,"Wed, 20 Dec 2023 14:11:46 -0000","Wed, 20 Dec 2023 14:55:23 -0000","['videogames', 'dinonuggies', 'writing']"
scarlett143,4603,5240,"Fri, 26 Feb 2016 21:08:56 -0000","Thu, 21 Apr 2016 21:12:54 -0000","['reading', 'soccer']"
gunpointgame,1298,1823,"Thu, 24 Feb 2022 17:49:15 -0000","Thu, 10 Mar 2022 02:33:03 -0000",['videogames']
rocket-league-tracker,1966,2727,"Mon, 12 Sep 2022 01:34:55 -0000","Thu, 08 Dec 2022 03:13:21 -0000","['rocketleague', 'videogames']"
lizpage,36906,46832,"Mon, 20 Jan 2014 22:28:15 -0000","Fri, 12 Apr 2024 01:12:37 -0000",['donation']
gustavocoronado,4259,4465,"Wed, 13 Apr 2016 14:40:38 -0000","Wed, 13 Apr 2016 14:46:16 -0000",['curso']
cyber-site,3765,4958,"Mon, 31 Oct 2016 14:13:49 -0000","Mon, 01 May 2017 16:17:11 -0000","['cool', 'cyber', 'website']"
licoix,302,511,"Sat, 22 May 2021 23:57:22 -0000","Sat, 23 Mar 2024 20:31:32 -0000",['videogames']
btcprivatekeys,105,169,"Mon, 19 Feb 2024 21:16:05 -0000","Mon, 19 Feb 2024 21:18:13 -0000","['btc', 'bitcoin', 'bitcoins', 'privatekeys', 'keys']"
sydney-web-design,3281,3557,"Sat, 20 Feb 2016 22:21:10 -0000","Tue, 02 Aug 2016 08:39:22 -0000","['webdesign', 'javascript', 'css', 'html']"
worldfootball,281,316,"Thu, 08 Dec 2022 16:34:35 -0000","Thu, 08 Dec 2022 17:16:45 -0000",['football']
incellars,5341,5462,"Mon, 03 Mar 2014 12:55:56 -0000","Mon, 17 Mar 2014 01:33:48 -0000","['design', 'camberwell']"
dryrot,425,699,"Mon, 19 Feb 2024 21:03:45 -0000","Tue, 09 Apr 2024 21:13:25 -0000","['anime', 'manga', 'games', 'media']"
elmothda,258,283,"Wed, 07 Sep 2022 17:52:22 -0000","Wed, 07 Sep 2022 18:02:43 -0000","['moving', 'furniture', 'riyadh']"
enduristapererrore,132,160,"Thu, 02 Nov 2023 12:55:16 -0000","Thu, 02 Nov 2023 13:26:02 -0000","['enduro', 'moto', 'motocross', 'dirtbike', 'mxgp']"
panamiguel,573,802,"Sat, 04 Jul 2020 23:01:50 -0000","Sun, 05 Jul 2020 04:29:08 -0000","['programming', 'videogames', 'html']"
survivecellar8,218,227,"Mon, 11 Jan 2021 01:12:29 -0000","Mon, 18 Jan 2021 04:25:56 -0000",['survival']
testernumber,741,889,"Wed, 03 Feb 2021 13:13:08 -0000","Wed, 03 Feb 2021 13:34:02 -0000",['test']
coolcatshadow,983,1348,"Thu, 30 Jun 2022 08:01:33 -0000","Fri, 09 Sep 2022 07:16:46 -0000","['videogames', 'music', 'furry']"
abscondium,6595,7581,"Mon, 18 Oct 2021 02:00:19 -0000","Sun, 31 Oct 2021 11:24:27 -0000",[]
